sec_in01.rsw#Inside Valhalla#
sec_in02.rsw#Inside Valhalla#
sec_pri.rsw#Room of Meditation(Valhalla Prison)#
gon_test.rsw#Arena#
gon_dun01.rsw#Shrine of Gonryun Queen#
gon_dun02.rsw#Hermit's Checkers#
gon_dun03.rsw#Arcadia#
gon_fild01.rsw#Gonryun Field#
gon_in.rsw#Inside Gonryun#
gonryun.rsw#Gonryun, the Hermit Land#
ama_test.rsw#Momotaro Experience Place#
ama_dun03.rsw#Amatsu Underground Shrine#
ama_dun02.rsw#Battle Field in the Underground Forest#
ama_dun01.rsw#Tatami Maze#
ama_fild01.rsw#Amatsu Field#
ama_in02.rsw#Inside Himezi Castle#
ama_in01.rsw#Inside Amatsu#
amatsu.rsw#Amatsu, the Land of Destiny#
alde_alche.rsw#Alchemist Job Change Place#
yuno_in05.rsw#Power Plant of Ymir's Heart#
yuno_in04.rsw#Republic Library#
job_duncer.rsw#Comodo Theatre#
job_sage.rsw#Sage Job Change Place#
job_cru.rsw#Crusader Job Change Place#
job_monk.rsw#Saint Capitolina Abbey#
monk_test.rsw#Saint Capitolina Abbey#
in_rogue.rsw#Inside the Rogue Guild#
mag_dun02.rsw#Nogg Road#
mag_dun01.rsw#Nogg Road#
yuno_fild12.rsw#Yuno Field 12#
yuno_fild11.rsw#Yuno Field 11#
yuno_fild10.rsw#Yuno Field 10#
yuno_fild09.rsw#Yuno Field 9#
yuno_fild08.rsw#Yuno Field 8#
yuno_fild07.rsw#Yuno Field (Valley of Abyss)#
yuno_fild06.rsw#Yuno Field 6#
yuno_fild05.rsw#Yuno Field 5#
yuno_fild04.rsw#El Mes Plateau#
yuno_fild03.rsw#El Mes Plateau#
yuno_fild02.rsw#Kiel Hyre's Cottage#
yuno_fild01.rsw#Border Posts#
yuno_in03.rsw#Inside Yuno#
yuno_in02.rsw#Inside the Sage Castle#
yuno_in01.rsw#Inside Yuno#
yuno.rsw#Yuno, the capital of Schwarzwald Republic#
job_wiz.rsw#Wizard Job Change Place#
job_prist.rsw#Priest Job Change Place#
job_knt.rsw#Knight Job Change Place#
job_hunte.rsw#Hunter Job Change Place#
gld_dun04.rsw#Guild Dungeon#
gld_dun03.rsw#Guild Dungeon#
gld_dun02.rsw#Guild Dungeon#
gld_dun01.rsw#Guild Dungeon#
payg_cas05.rsw#Greenwood Lake Guild#
payg_cas04.rsw#Greenwood Lake Guild#
payg_cas03.rsw#Greenwood Lake Guild#
payg_cas02.rsw#Greenwood Lake Guild#
payg_cas01.rsw#Greenwood Lake Guild#
pay_gld.rsw#Greenwood Lake#
aldeg_cas05.rsw#Luina Guild#
aldeg_cas04.rsw#Luina Guild#
aldeg_cas03.rsw#Luina Guild#
aldeg_cas02.rsw#Luina Guild#
aldeg_cas01.rsw#Luina Guild#
alde_gld.rsw#Luina the satellite of Al De Baran#
gefg_cas05.rsw#Britoniah Guild#
gefg_cas04.rsw#Britoniah Guild#
gefg_cas03.rsw#Britoniah Guild#
gefg_cas02.rsw#Britoniah Guild#
gefg_cas01.rsw#Britoniah Guild#
prtg_cas05.rsw#Valkyrie Realm Guild#
prtg_cas04.rsw#Valkyrie Realm Guild#
prtg_cas03.rsw#Valkyrie Realm Guild#
prtg_cas02.rsw#Valkyrie Realm Guild#
prtg_cas01.rsw#Valkyrie Realm Guild#
prt_gld.rsw#Valkyrie Realm#
tur_dun01.rsw#Turtle Island#
tur_dun02.rsw#Turtle Island Dungeon#
tur_dun03.rsw#Good Turtles Village#
tur_dun04.rsw#Turtle Palace#
tur_dun05.rsw#Underground swamp zone#
tur_dun06.rsw#Underground swamp zone#
guild_vs3.rsw#Guild Arena#
guild_vs2.rsw#Guild Arena#
guild_vs1.rsw#Guild Arena#
guild_room.rsw#Guild Arena Waiting Room#
quiz_00.rsw#Quiz Revolrution#
quiz_01.rsw#Quiz Revolrutiona#
gef_fild12.rsw#Kordt Forest#
gef_fild13.rsw#Britoniah#
gef_fild14.rsw#West Orc Village#
cmd_in02.rsw#Inside Comodo#
cmd_in01.rsw#Inside Comodo#
comodo.rsw#Beach town,Comodo#
beach_dun.rsw#Karu,the West cave#
beach_dun2.rsw#Ruande the northern cave#
beach_dun3.rsw#Mao,the East Cave#
cmd_fild01.rsw#Papuchicha Forest#
cmd_fild02.rsw#Kokomo beach#
cmd_fild03.rsw#Zenhai Marsh#
cmd_fild04.rsw#Kokomo beach#
cmd_fild05.rsw#Border of Papuchica forest#
cmd_fild06.rsw#Fortress Saint Darmain(West)#
cmd_fild07.rsw#Beacon Island,Pharos#
cmd_fild08.rsw#Fortress Saint Darmain(East)#
cmd_fild09.rsw#Fortress Saint Darmain(South)#
xmas_in.rsw#Inside Lutie#
xmas_dun02.rsw#Toy Classifying Room#
xmas_dun01.rsw#Toy Factory Warehouse#
xmas_fild01.rsw#Lutie Field#
xmas.rsw#Lutie,Snow Village#
mjolnir_01.rsw#Mt.Mjolnir#
mjolnir_02.rsw#Mt.Mjolnir#
mjolnir_03.rsw#Mt.Mjolnir#
mjolnir_04.rsw#Mt.Mjolnir#
mjolnir_05.rsw#Mt.Mjolnir#
mjolnir_06.rsw#Mt.Mjolnir#
mjolnir_07.rsw#Mt.Mjolnir#
mjolnir_08.rsw#Mt.Mjolnir#
mjolnir_09.rsw#Mt.Mjolnir#
mjolnir_10.rsw#Mt.Mjolnir#
mjolnir_11.rsw#Mt.Mjolnir#
mjolnir_12.rsw#Mt.Mjolnir#
prt_fild00.rsw#Prontera Field#
prt_fild01.rsw#Prontera Field#
prt_fild02.rsw#Prontera Field#
prt_fild03.rsw#Prontera Field#
prt_fild04.rsw#Prontera Field#
prt_fild05.rsw#Prontera Field#
prt_fild06.rsw#Prontera Field#
prt_fild07.rsw#Prontera Field#
prt_fild08.rsw#Prontera Field#
prt_fild09.rsw#Prontera Field#
prt_fild10.rsw#Prontera Field#
prt_fild11.rsw#Prontera Field#
prt_monk.rsw#St. Capitolina Abbey#
gef_fild00.rsw#Geffen Field#
gef_fild01.rsw#Geffen Field#
gef_fild02.rsw#Geffen Field#
gef_fild03.rsw#Geffen Field#
gef_fild04.rsw#Geffen Field#
gef_fild05.rsw#Geffen Field#
gef_fild06.rsw#Geffen Field#
gef_fild07.rsw#Geffen Field#
gef_fild08.rsw#Geffen Field#
gef_fild09.rsw#Geffen Field#
gef_fild10.rsw#Geffen Field#
in_orcs01.rsw#Orc village#
gef_fild11.rsw#Geffen Field#
moc_fild01.rsw#Sograt Desert#
moc_fild02.rsw#Sograt Desert#
moc_fild03.rsw#Sograt Desert#
moc_fild04.rsw#Sograt Desert#
moc_fild05.rsw#Sograt Desert#
moc_fild06.rsw#Sograt Desert#
moc_fild07.rsw#Sograt Desert#
moc_fild08.rsw#Sograt Desert#
moc_fild09.rsw#Sograt Desert#
moc_fild10.rsw#Sograt Desert#
moc_fild11.rsw#Sograt Desert#
moc_fild12.rsw#Sograt Desert#
moc_fild13.rsw#Sograt Desert#
moc_fild14.rsw#Sograt Desert#
moc_fild15.rsw#Sograt Desert#
moc_fild16.rsw#Sograt Desert#
in_moc_16.rsw#Assassin Clan#
moc_fild17.rsw#Sograt Desert#
moc_fild18.rsw#Sograt Desert#
moc_fild19.rsw#Sograt Desert#
pay_fild01.rsw#Payon Forest#
pay_fild02.rsw#Payon Forest#
pay_fild03.rsw#Payon Forest#
pay_fild04.rsw#Sograt Desert#
pay_fild05.rsw#Payon Forest#
pay_fild06.rsw#Payon Forest#
pay_fild07.rsw#Payon Forest#
pay_fild08.rsw#Payon Forest#
pay_fild09.rsw#Payon Forest#
pay_fild10.rsw#Payon Forest#
pay_fild11.rsw#Payon Forest#
new_1-1.rsw#Training Ground#
new_2-1.rsw#Training Ground#
new_3-1.rsw#Training Ground#
new_4-1.rsw#Training Ground#
new_5-1.rsw#Training Ground#
new_1-2.rsw#Training Ground#
new_2-2.rsw#Training Ground#
new_3-2.rsw#Training Ground#
new_4-2.rsw#Training Ground#
new_5-2.rsw#Training Ground#
new_1-3.rsw#Training Ground#
new_2-3.rsw#Training Ground#
new_3-3.rsw#Training Ground#
new_4-3.rsw#Training Ground#
new_5-3.rsw#Training Ground#
new_1-4.rsw#Training Ground#
new_2-4.rsw#Training Ground#
new_3-4.rsw#Training Ground#
new_4-4.rsw#Training Ground#
new_5-4.rsw#Training Ground#
anthell01.rsw#Ant Hell#
anthell02.rsw#Ant Hell#
gef_dun00.rsw#Geffen Dungeon#
gef_dun01.rsw#Geffen Dungeon#
gef_dun02.rsw#Geffenia#
gef_dun03.rsw#Geffenia#
iz_dun00.rsw#Undersea Tunnel#
iz_dun01.rsw#Undersea Tunnel#
iz_dun02.rsw#Undersea Tunnel#
iz_dun03.rsw#Undersea Tunnel#
iz_dun04.rsw#Undersea Tunnel#
iz_dun05.rsw#Undersea Tunnel#
in_sphinx1.rsw#Sphinx#
in_sphinx2.rsw#Sphinx#
in_sphinx3.rsw#Sphinx#
in_sphinx4.rsw#Sphinx#
in_sphinx5.rsw#Sphinx#
moc_pryd01.rsw#Inside Pyramid#
moc_pryd02.rsw#Inside Pyramid#
moc_pryd03.rsw#Inside Pyramid#
moc_pryd04.rsw#Inside Pyramid#
moc_pryd05.rsw#Inside Pyramid#
moc_pryd06.rsw#Inside Pyramid#
moc_prydb1.rsw#Thief Guild#
mjo_dun01.rsw#Mjolnir Dead Pit#
mjo_dun02.rsw#Mjolnir Dead Pit#
mjo_dun03.rsw#Mjolnir Dead Pit#
orcsdun01.rsw#Orc Dungeon#
orcsdun02.rsw#Orc Dungeon#
pay_dun00.rsw#Payon Cave#
pay_dun01.rsw#Payon Cave#
pay_dun02.rsw#Payon Cave#
pay_dun03.rsw#Payon Cave#
pay_dun04.rsw#Payon Cave#
prt_maze01.rsw#Labyrinth Forest#
prt_maze02.rsw#Labyrinth Forest#
prt_maze03.rsw#Labyrinth Forest#
prt_sewb1.rsw#Prontera Culvert#
prt_sewb2.rsw#Prontera Culvert#
prt_sewb3.rsw#Prontera Culvert#
prt_sewb4.rsw#Prontera Culvert#
treasure01.rsw#Sunken Ship#
treasure02.rsw#Sunken Ship#
hunter_1-1.rsw#Hunter Guild#
hunter_2-1.rsw#Hunter Guild#
hunter_3-1.rsw#Hunter Guild#
in_hunter.rsw#Hunter Guild#
knight_1-1.rsw#the Chivalry#
knight_2-1.rsw#the Chivalry#
knight_3-1.rsw#the Chivalry#
priest_1-1.rsw#the Sanctum#
priest_2-1.rsw#the Sanctum#
priest_3-1.rsw#the Sanctum#
sword_1-1.rsw#Swordman Test Hall#
sword_2-1.rsw#Swordman Test Hall#
sword_3-1.rsw#Swordman Test Hall#
job_thief1.rsw#Mushroom Farm#
wizard_1-1.rsw#Wizard Academy#
wizard_2-1.rsw#Wizard Academy#
wizard_3-1.rsw#Wizard Academy#
force_1-1.rsw#Time Limit Fight#
force_2-1.rsw#Time Limit Fight#
force_3-1.rsw#Time Limit Fight#
force_1-2.rsw#Time Limit Fight#
force_2-2.rsw#Time Limit Fight#
force_3-2.rsw#Time Limit Fight#
force_1-3.rsw#Time Limit Fight#
force_2-3.rsw#Time Limit Fight#
force_3-3.rsw#Time Limit Fight#
ordeal_1-1.rsw#Battle Ordeal Mode#
ordeal_2-1.rsw#Battle Ordeal Mode#
ordeal_3-1.rsw#Battle Ordeal Mode#
ordeal_1-2.rsw#Battle Ordeal Mode#
ordeal_2-2.rsw#Battle Ordeal Mode#
ordeal_3-2.rsw#Battle Ordeal Mode#
ordeal_1-3.rsw#Battle Ordeal Mode#
ordeal_2-3.rsw#Battle Ordeal Mode#
ordeal_3-3.rsw#Battle Ordeal Mode#
ordeal_1-4.rsw#Battle Ordeal Mode#
ordeal_2-4.rsw#Battle Ordeal Mode#
ordeal_3-4.rsw#Battle Ordeal Mode#
alb_ship.rsw#Alberta Ship#
alberta.rsw#Alberta#
alberta_in.rsw#Inside Alberta#
alb2trea.rsw# Alberta Island#
aldebaran.rsw# Al De Baran#
aldeba_in.rsw#Inside Al De Baran#
gef_tower.rsw#Geffen Tower#
geffen.rsw#Geffen#
geffen_in.rsw#Inside Geffen#
moc_castle.rsw#Morroc Castle#
moc_ruins.rsw#Morroc Ruins#
morocc.rsw#Morroc Town#
morocc_in.rsw#Inside Morroc#
pay_arche.rsw#Archer Village#
payon.rsw#Payon Town#
payon_in01.rsw#Inside Payon#
payon_in02.rsw#Inside Payon#
payon_in03.rsw#Inside Payon#
prontera.rsw#Prontera City#
prt_in.rsw#Inside Prontera#
prt_castle.rsw#Prontera Castle#
prt_church.rsw#the Sanctuary#
izlude.rsw#Izlude Town#
izlude_in.rsw#Inside Izlude#
izlu2dun.rsw#Byalan Island#
monk_in.rsw#Inside St.Abbey#
prt_are_in.rsw#Waiting room#
arena_room.rsw#Waiting room#
prt_arena01.rsw#ARENA#
prt_are01.rsw#ARENA#
glast_01.rsw#Glast Heim#
alde_dun01.rsw#Clock Tower B1F#
alde_dun02.rsw#Clock Tower B2F#
alde_dun03.rsw#Clock Tower B3F#
alde_dun04.rsw#Clock Tower B4F#
c_tower1.rsw#Clock Tower 1F#
c_tower2.rsw#Clock Tower 2F#
c_tower3.rsw#Clock Tower 3F#
c_tower4.rsw#Clock Tower 4F#
gl_cas01.rsw#Glast Heim 1F#
gl_cas02.rsw#Glast Heim 2F#
gl_church.rsw#Glast Heim St.Abbey#
gl_chyard.rsw#Glast Heim Churchyard#
gl_dun01.rsw#The Lowest Cave in Glast Heim#
gl_dun02.rsw#The Lowest Cave in Glast Heim#
gl_in01.rsw#Inside Glast Heim#
gl_knt01.rsw#Inside Glast Heim Chivalry#
gl_knt02.rsw#Inside Glast Heim Chivalry#
gl_prison.rsw#Glast Heim Underprison#
gl_prison1.rsw#Glast Heim Underprison#
gl_sew01.rsw#Glast Heim Culvert#
gl_sew02.rsw#Glast Heim Culvert#
gl_sew03.rsw#Glast Heim Culvert#
gl_sew04.rsw#Glast Heim Culvert#
gl_step.rsw#Glast Heim Staircase Dungeon#
pvp_y_room.rsw#PvP : Waiting Room#
pvp_n_room.rsw#PvP : Waiting Room#
pvp_c_room.rsw#PvP : Waiting Room#
pvp_n_1-1.rsw#PvP : Room Sandwich#
pvp_n_2-1.rsw#PvP : Room Sandwich#
pvp_n_3-1.rsw#PvP : Room Sandwich#
pvp_n_4-1.rsw#PvP : Room Sandwich#
pvp_n_5-1.rsw#PvP : Room Sandwich#
pvp_n_6-1.rsw#PvP : Room Sandwich#
pvp_n_7-1.rsw#PvP : Room Sandwich#
pvp_n_8-1.rsw#PvP : Room Sandwich#
pvp_n_1-2.rsw#PvP : Room Rock On#
pvp_n_2-2.rsw#PvP : Room Rock On#
pvp_n_3-2.rsw#PvP : Room Rock On#
pvp_n_4-2.rsw#PvP : Room Rock On#
pvp_n_5-2.rsw#PvP : Room Rock On#
pvp_n_6-2.rsw#PvP : Room Rock On#
pvp_n_7-2.rsw#PvP : Room Rock On#
pvp_n_8-2.rsw#PvP : Room Rock On#
pvp_n_1-3.rsw#PvP : Four Room#
pvp_n_2-3.rsw#PvP : Four Room#
pvp_n_3-3.rsw#PvP : Four Room#
pvp_n_4-3.rsw#PvP : Four Room#
pvp_n_5-3.rsw#PvP : Four Room#
pvp_n_6-3.rsw#PvP : Four Room#
pvp_n_7-3.rsw#PvP : Four Room#
pvp_n_8-3.rsw#PvP : Four Room#
pvp_n_1-4.rsw#PvP : Room Undercross#
pvp_n_2-4.rsw#PvP : Room Undercross#
pvp_n_3-4.rsw#PvP : Room Undercross#
pvp_n_4-4.rsw#PvP : Room Undercross#
pvp_n_5-4.rsw#PvP : Room Undercross#
pvp_n_6-4.rsw#PvP : Room Undercross#
pvp_n_7-4.rsw#PvP : Room Undercross#
pvp_n_8-4.rsw#PvP : Room Undercross#
pvp_n_1-5.rsw#PvP : Room Copass#
pvp_n_2-5.rsw#PvP : Room Copass#
pvp_n_3-5.rsw#PvP : Room Copass#
pvp_n_4-5.rsw#PvP : Room Copass#
pvp_n_5-5.rsw#PvP : Room Copass#
pvp_n_6-5.rsw#PvP : Room Copass#
pvp_n_7-5.rsw#PvP : Room Copass#
pvp_n_8-5.rsw#PvP : Room Copass#
pvp_y_1-1.rsw#PvP : Room Prontera#
pvp_y_2-1.rsw#PvP : Room Prontera#
pvp_y_3-1.rsw#PvP : Room Prontera#
pvp_y_4-1.rsw#PvP : Room Prontera#
pvp_y_5-1.rsw#PvP : Room Prontera#
pvp_y_6-1.rsw#PvP : Room Prontera#
pvp_y_7-1.rsw#PvP : Room Prontera#
pvp_y_8-1.rsw#PvP : Room Prontera#
pvp_y_1-2.rsw#PvP : Room Izlude#
pvp_y_2-2.rsw#PvP : Room Izlude#
pvp_y_3-2.rsw#PvP : Room Izlude#
pvp_y_4-2.rsw#PvP : Room Izlude#
pvp_y_5-2.rsw#PvP : Room Izlude#
pvp_y_6-2.rsw#PvP : Room Izlude#
pvp_y_7-2.rsw#PvP : Room Izlude#
pvp_y_8-2.rsw#PvP : Room Izlude#
pvp_y_1-3.rsw#PvP : Room Payon#
pvp_y_2-3.rsw#PvP : Room Payon#
pvp_y_3-3.rsw#PvP : Room Payon#
pvp_y_4-3.rsw#PvP : Room Payon#
pvp_y_5-3.rsw#PvP : Room Payon#
pvp_y_6-3.rsw#PvP : Room Payon#
pvp_y_7-3.rsw#PvP : Room Payon#
pvp_y_8-3.rsw#PvP : Room Payon#
pvp_y_1-4.rsw#PvP : Room Alberta#
pvp_y_2-4.rsw#PvP : Room Alberta#
pvp_y_3-4.rsw#PvP : Room Alberta#
pvp_y_4-4.rsw#PvP : Room Alberta#
pvp_y_5-4.rsw#PvP : Room Alberta#
pvp_y_6-4.rsw#PvP : Room Alberta#
pvp_y_7-4.rsw#PvP : Room Alberta#
pvp_y_8-4.rsw#PvP : Room Alberta#
pvp_y_1-5.rsw#PvP : Room Morroc#
pvp_y_2-5.rsw#PvP : Room Morroc#
pvp_y_3-5.rsw#PvP : Room Morroc#
pvp_y_4-5.rsw#PvP : Room Morroc#
pvp_y_5-5.rsw#PvP : Room Morroc#
pvp_y_6-5.rsw#PvP : Room Morroc#
pvp_y_7-5.rsw#PvP : Room Morroc#
pvp_y_8-5.rsw#PvP : Room Morroc#
pvp_2vs2.rsw#PvP : Event Colosseum#
umbala.rsw#Utan Tribe Umbala#
um_fild01.rsw#RuRuKa Jungle#
um_fild02.rsw#HooKa Jungle#
um_fild03.rsw#Carara Jungle#
um_fild04.rsw#Hooka Fores#
um_dun01.rsw#Wooden Mill of Umbala Jungle#
um_dun02.rsw#Passage to Astral Plane of Umbala Jungle#
yggdrasil01.rsw#?Island of Herbet Camlet (Trunk of Yggdrasil Tree)#
nif_fild01.rsw#The far village of Nifheim#
nif_fild02.rsw#Vally of Gyoll#
niflheim.rsw#Nifflheim, the land of dead#
payo1.rsw#Neo Payon Town#
payo1_in01.rsw#Inside Neo Payon#
payo1_in03.rsw#Inside Neo Payon#
lou_in02.rsw#Inside Castle of Dragon#
lou_in01.rsw#Inside Castle of Dragon#
lou_dun03.rsw#ShenYang Palace#
lou_dun02.rsw#Inside Royal Tomb#
lou_dun01.rsw#Royal Tomb#
lou_fild01.rsw#Castle of Dragon Field#
louyang.rsw#Castle of Dragon#
new_zone01.rsw#Training Ground#
new_zone02.rsw#Training Ground#
new_zone03.rsw#Training Ground#
new_zone04.rsw#Training Ground#
airplane.rsw#Airship#
airport.rsw#Einbroch Airport#
ein_dun01.rsw#Einbroch Mine F1#
ein_dun02.rsw#Einbroch Mine F2#
ein_fild03.rsw#Einbroch Field#
ein_fild04.rsw#Einbroch Field#
ein_fild06.rsw#Einbroch Field#
ein_fild07.rsw#Einbroch Field#
ein_fild08.rsw#Einbroch Field#
ein_fild09.rsw#Einbroch Field#
ein_fild10.rsw#Einbroch Field#
ein_in01.rsw#Inside Einbroch#
einbech.rsw#Einbech, mining village#
einbroch.rsw#Einbroch, the Steel City#
lhz_fild02.rsw#Lighthalzen Field#
lhz_fild03.rsw#Lighthalzen Field#
ayothaya.rsw#Ayothaya#
ayo_in01.rsw#Inside Ayothaya#
hu_fild01.rsw#hu_fild#
hu_fild04.rsw#hu_fild#
hu_fild05.rsw#hu_fild#
hu_fild07.rsw#hu_fild#

// these files are included in the tablepack but have no correct entry here yet
// this will allow people to use these maps until we add correct map names
alde_tt02.rsw#Map Name Unknown#
ayo_dun01.rsw#Map Name Unknown#
ayo_dun02.rsw#Map Name Unknown#
ayo_fild01.rsw#Map Name Unknown#
ayo_fild02.rsw#Map Name Unknown#
ayo_in02.rsw#Map Name Unknown#
force_map1.rsw#Map Name Unknown#
force_map2.rsw#Map Name Unknown#
force_map3.rsw#Map Name Unknown#
gefenia01.rsw#Map Name Unknown#
gefenia02.rsw#Map Name Unknown#
gefenia03.rsw#Map Name Unknown#
gefenia04.rsw#Map Name Unknown#
guild_vs4.rsw#Map Name Unknown#
guild_vs5.rsw#Map Name Unknown#
jawaii.rsw#Map Name Unknown#
jawaii_in.rsw#Map Name Unknown#
job_hunter.rsw#Map Name Unknown#
job_knight.rsw#Map Name Unknown#
job_priest.rsw#Map Name Unknown#
job_soul.rsw#Map Name Unknown#
job_star.rsw#Map Name Unknown#
job_sword1.rsw#Map Name Unknown#
job_wizard.rsw#Map Name Unknown#
juperos_01.rsw#Map Name Unknown#
juperos_02.rsw#Map Name Unknown#
jupe_area1.rsw#Map Name Unknown#
jupe_area2.rsw#Map Name Unknown#
jupe_cave.rsw#Map Name Unknown#
jupe_core.rsw#Map Name Unknown#
jupe_ele.rsw#Map Name Unknown#
jupe_ele_r.rsw#Map Name Unknown#
jupe_gate.rsw#Map Name Unknown#
lhz_cube.rsw#Map Name Unknown#
lhz_dun01.rsw#Map Name Unknown#
lhz_dun02.rsw#Map Name Unknown#
lhz_dun03.rsw#Map Name Unknown#
lhz_fild01.rsw#Map Name Unknown#
lhz_in01.rsw#Map Name Unknown#
lhz_in02.rsw#Map Name Unknown#
lhz_in03.rsw#Map Name Unknown#
lhz_que01.rsw#Map Name Unknown#
lighthalzen.rsw#Map Name Unknown#
mjolnir_04_1.rsw#Map Name Unknown#
nif_in.rsw#Map Name Unknown#
n_castle.rsw#Map Name Unknown#
old_payon.rsw#Map Name Unknown#
ordeal_a00.rsw#Map Name Unknown#
ordeal_a02.rsw#Map Name Unknown#
pvp_room.rsw#Map Name Unknown#
que_god01.rsw#Map Name Unknown#
que_god02.rsw#Map Name Unknown#
que_sign01.rsw#Map Name Unknown#
quiz_02.rsw#Map Name Unknown#
siege_test.rsw#Map Name Unknown#
turbo_room.rsw#Map Name Unknown#
um_in.rsw#Map Name Unknown#
valkyrie.rsw#Map Name Unknown#
yuno_pre.rsw#Map Name Unknown#